{
  "type": "code",
  "name": "Divine Ascension",
  "modid": "divineascension",
  "version": "4.20.1",
  "authors": [
    "Valinnar"
  ],
  "description": "Deity-driven religions and civilizations for Vintage Story. Create and manage religions tied to deities, earn Favor and Religion Prestige, unlock blessing trees with gameplay effects, and coordinate multi-religion civilizations. Includes PvP hooks, persistence/network sync, and in-game UI.",
  "side": "Universal",
  "dependencies": {
    "game": "1.21.5",
    "vsimgui": "0.0.6"
  }
}
