{
  "domain": "Harvest",
  "version": 2,
  "rituals": [
    {
      "ritualId": "harvest_tier2_ritual",
      "name": "Rite of the Bountiful Field",
      "sourceTier": 1,
      "targetTier": 2,
      "description": "Offer the fruits of your agricultural labor to bless this shrine as a temple of plenty.",
      "steps": [
        {
          "stepId": "farmers_harvest",
          "stepName": "Farmer's Harvest",
          "requirements": [
            {
              "requirementId": "grains",
              "displayName": "Grains (Any Type)",
              "quantity": 100,
              "type": "Category",
              "itemCodes": ["game:grain-*"]
            },
            {
              "requirementId": "vegetables",
              "displayName": "Vegetables (Any Type)",
              "quantity": 80,
              "type": "Category",
              "itemCodes": ["game:vegetable-*", "game:carrot-*", "game:onion-*", "game:parsnip-*", "game:turnip-*", "game:pumpkin-*"]
            }
          ]
        },
        {
          "stepId": "bakers_offering",
          "stepName": "Baker's Offering",
          "requirements": [
            {
              "requirementId": "bread",
              "displayName": "Bread (Any Type)",
              "quantity": 30,
              "type": "Category",
              "itemCodes": ["game:bread-*"]
            }
          ]
        },
        {
          "stepId": "seeds_of_tomorrow",
          "stepName": "Seeds of Tomorrow",
          "requirements": [
            {
              "requirementId": "seeds",
              "displayName": "Crop Seeds",
              "quantity": 50,
              "type": "Category",
              "itemCodes": ["game:seeds-*"]
            }
          ]
        }
      ]
    },
    {
      "ritualId": "harvest_tier3_ritual",
      "name": "Rite of Eternal Abundance",
      "sourceTier": 2,
      "targetTier": 3,
      "description": "Transform this temple into a cathedral that embodies the infinite generosity of the harvest.",
      "steps": [
        {
          "stepId": "prepared_feast",
          "stepName": "Prepared Feast",
          "requirements": [
            {
              "requirementId": "cooked_meals",
              "displayName": "Cooked Meals (Any Type)",
              "quantity": 50,
              "type": "Category",
              "itemCodes": ["game:meal-*", "game:porridge-*"]
            }
          ]
        },
        {
          "stepId": "orchards_bounty",
          "stepName": "Orchard's Bounty",
          "requirements": [
            {
              "requirementId": "fruits",
              "displayName": "Fruits (Any Type)",
              "quantity": 120,
              "type": "Category",
              "itemCodes": ["game:fruit-*"]
            }
          ]
        },
        {
          "stepId": "dairy_delights",
          "stepName": "Dairy Delights",
          "requirements": [
            {
              "requirementId": "cheese",
              "displayName": "Cheese",
              "quantity": 40,
              "type": "Category",
              "itemCodes": ["game:cheese-*"]
            }
          ]
        },
        {
          "stepId": "fermented_spirits",
          "stepName": "Fermented Spirits",
          "requirements": [
            {
              "requirementId": "wine",
              "displayName": "Wine or Cider",
              "quantity": 20,
              "type": "Category",
              "itemCodes": ["game:wine-*", "game:cider-*"]
            }
          ]
        }
      ]
    }
  ]
}
