{
  "domain": "Stone",
  "version": 2,
  "rituals": [
    {
      "ritualId": "stone_tier2_ritual",
      "name": "Rite of the Master Mason",
      "sourceTier": 1,
      "targetTier": 2,
      "description": "Demonstrate your mastery of stonework to elevate this shrine into a temple of enduring strength.",
      "steps": [
        {
          "stepId": "foundation_stones",
          "stepName": "Foundation Stones",
          "requirements": [
            {
              "requirementId": "stone_blocks",
              "displayName": "Stone Blocks (Any Type)",
              "quantity": 200,
              "type": "Category",
              "itemCodes": ["game:stone-*", "game:rock-*"]
            },
            {
              "requirementId": "bricks",
              "displayName": "Bricks (Any Type)",
              "quantity": 100,
              "type": "Category",
              "itemCodes": ["game:claybrick-*"]
            }
          ]
        },
        {
          "stepId": "glass_panes",
          "stepName": "Glass Panes",
          "requirements": [
            {
              "requirementId": "glass",
              "displayName": "Glass",
              "quantity": 10,
              "type": "Exact",
              "itemCodes": ["game:glass"]
            }
          ]
        },
        {
          "stepId": "artisan_work",
          "stepName": "Artisan Work",
          "requirements": [
            {
              "requirementId": "chiseled_blocks",
              "displayName": "Chiseled Stone Blocks",
              "quantity": 100,
              "type": "Category",
              "itemCodes": ["game:chiseledstone-*"]
            }
          ]
        }
      ]
    },
    {
      "ritualId": "stone_tier3_ritual",
      "name": "Rite of Eternal Foundation",
      "sourceTier": 2,
      "targetTier": 3,
      "description": "Forge a cathedral that will stand for eternity, carved from the bones of the earth.",
      "steps": [
        {
          "stepId": "polished_foundation",
          "stepName": "Polished Foundation",
          "requirements": [
            {
              "requirementId": "polished_stone",
              "displayName": "Polished Stone (Any Type)",
              "quantity": 300,
              "type": "Category",
              "itemCodes": ["game:polishedstone-*"]
            }
          ]
        },
        {
          "stepId": "marble_grandeur",
          "stepName": "Marble Grandeur",
          "requirements": [
            {
              "requirementId": "marble",
              "displayName": "Marble Blocks",
              "quantity": 100,
              "type": "Category",
              "itemCodes": ["game:rock-marble-*"]
            }
          ]
        },
        {
          "stepId": "architectural_glass",
          "stepName": "Architectural Glass",
          "requirements": [
            {
              "requirementId": "reinforced_glass",
              "displayName": "Glass (Architectural)",
              "quantity": 75,
              "type": "Category",
              "itemCodes": ["game:glass", "game:glasspane-*"]
            }
          ]
        },
        {
          "stepId": "carved_pillars",
          "stepName": "Carved Pillars",
          "requirements": [
            {
              "requirementId": "carved_pillars",
              "displayName": "Carved Stone Pillars",
              "quantity": 10,
              "type": "Category",
              "itemCodes": ["game:pillar-*"]
            }
          ]
        }
      ]
    }
  ]
}
